region,gu,legal_code,latitude,longitude
개포동,강남구,1168010300,37.4819251305593,127.057440206035
논현동,강남구,1168010800,37.512645150688,127.030154778539
대치동,강남구,1168010600,37.4932421505465,127.056693501258
도곡동,강남구,1168011800,37.4909537197216,127.038482017226
삼성동,강남구,1168010500,37.5143225723289,127.062831022499
세곡동,강남구,1168011100,37.4644437055761,127.106760267266
수서동,강남구,1168011500,37.4868187699686,127.105426218127
신사동,강남구,1168010700,37.5239850298541,127.02277448907
압구정동,강남구,1168011000,37.5306686414268,127.030809170421
역삼동,강남구,1168010100,37.4953666908087,127.03306536185
율현동,강남구,1168011300,37.470976512434,127.115817745643
일원동,강남구,1168011400,37.4795654903149,127.080430036811
자곡동,강남구,1168011200,37.4733903987968,127.092180565565
청담동,강남구,1168010400,37.5250293348772,127.049233039691
강일동,강동구,1174011000,37.5650420192003,127.173906305383
고덕동,강동구,1174010200,37.5641661222504,127.155939319817
길동,강동구,1174010500,37.5344859624469,127.142712345548
둔촌동,강동구,1174010600,37.5271882887608,127.142354524933
명일동,강동구,1174010100,37.5494403330956,127.150304746486
상일동,강동구,1174010300,37.551486421914,127.169646875801
성내동,강동구,1174010800,37.5292748071425,127.130026914568
암사동,강동구,1174010700,37.5591140475274,127.13168588897
천호동,강동구,1174010900,37.5422218634248,127.12866892591
미아동,강북구,1130510100,37.6270831294021,127.027060776679
번동,강북구,1130510200,37.6241057350223,127.04133717608
수유동,강북구,1130510300,37.6424621841481,127.022094520762
우이동,강북구,1130510400,37.6630390800112,127.001890452891
가양동,강서구,1150010400,37.5693673262877,126.84732341674
개화동,강서구,1150011000,37.5913312008971,126.810864581737
공항동,강서구,1150010800,37.5588726032731,126.810109136838
과해동,강서구,1150011100,37.5656027325695,126.787712416395
내발산동,강서구,1150010600,37.5543737621716,126.83326640676
등촌동,강서구,1150010200,37.5622374761139,126.843670821456
마곡동,강서구,1150010500,37.5747859514343,126.830205192607
방화동,강서구,1150010900,37.5713090735148,126.811820803059
염창동,강서구,1150010100,37.553736243135,126.870985348962
오곡동,강서구,1150011200,37.5515676820461,126.783116898869
오쇠동,강서구,1150011300,37.5434597373435,126.797918436909
외발산동,강서구,1150010700,37.5438427469628,126.82085631674
화곡동,강서구,1150010300,37.5362848031693,126.848952280488
남현동,관악구,1162010300,37.4745631666845,126.977909779402
봉천동,관악구,1162010100,37.4825384917268,126.952165181187
신림동,관악구,1162010200,37.4894520674165,126.926185482384
광장동,광진구,1121510400,37.5468565308903,127.103025712709
구의동,광진구,1121510300,37.5502741239801,127.093135225891
군자동,광진구,1121510900,37.5554765598173,127.075350846159
능동,광진구,1121510200,37.5537792609497,127.080536887135
자양동,광진구,1121510500,37.5311077958687,127.073018338792
중곡동,광진구,1121510100,37.5617477458583,127.090401426965
화양동,광진구,1121510700,37.5464762611363,127.071367614735
가리봉동,구로구,1153010300,37.4825327471336,126.889718085071
개봉동,구로구,1153010700,37.4930115322773,126.857746551058
고척동,구로구,1153010600,37.5013977406621,126.863557123957
구로동,구로구,1153010200,37.495770737873,126.882642231121
궁동,구로구,1153010900,37.5018731116129,126.827457184485
신도림동,구로구,1153010100,37.5077809050365,126.880610228674
오류동,구로구,1153010800,37.4889461307049,126.835492478188
온수동,구로구,1153011000,37.4941466665874,126.820586087352
천왕동,구로구,1153011100,37.4802774110976,126.83999317372
항동,구로구,1153011200,37.4790341804658,126.82244471779
가산동,금천구,1154510100,37.4768763179224,126.891779471155
독산동,금천구,1154510200,37.4681432491734,126.899392976389
시흥동,금천구,1154510300,37.4476688042386,126.908452220723
공릉동,노원구,1135010300,37.6248431089168,127.073821318894
상계동,노원구,1135010500,37.6612505755399,127.060252770712
월계동,노원구,1135010200,37.6199191869583,127.062987742987
중계동,노원구,1135010600,37.6525550467646,127.077488598779
하계동,노원구,1135010400,37.6404885286243,127.072685646642
도봉동,도봉구,1132010800,37.6873960128038,127.021495626589
방학동,도봉구,1132010600,37.6658975489539,127.026875382235
쌍문동,도봉구,1132010500,37.6513191127046,127.029190894368
창동,도봉구,1132010700,37.6522582058479,127.045432300312
답십리동,동대문구,1123010500,37.5690668295006,127.056655839753
신설동,동대문구,1123010100,37.5739610113656,127.025741991295
용두동,동대문구,1123010200,37.5758031741811,127.03726228013
이문동,동대문구,1123011000,37.6004055110661,127.066373060068
장안동,동대문구,1123010600,37.5696967138505,127.071439570463
전농동,동대문구,1123010400,37.5793286114285,127.053978285554
제기동,동대문구,1123010300,37.5831154639891,127.037818414722
청량리동,동대문구,1123010700,37.5830468218369,127.048170770368
회기동,동대문구,1123010800,37.5907885967281,127.05537245757
휘경동,동대문구,1123010900,37.5908553624267,127.065730507228
노량진동,동작구,1159010100,37.5107058110368,126.940393261192
대방동,동작구,1159010800,37.5081642609998,126.926343500008
동작동,동작구,1159010600,37.4992139256221,126.973876571542
본동,동작구,1159010400,37.5130293559068,126.954204316851
사당동,동작구,1159010700,37.4839326741508,126.973135661399
상도1동,동작구,1159010300,37.5032426328398,126.94974984805
상도동,동작구,1159010200,37.4985163075705,126.939014238644
신대방동,동작구,1159010900,37.4930124961565,126.914941920386
흑석동,동작구,1159010500,37.5057750153538,126.966590753167
공덕동,마포구,1144010200,37.5501743473819,126.960034513244
구수동,마포구,1144011300,37.5457361347133,126.932539327611
노고산동,마포구,1144011000,37.5543526246387,126.937909479778
당인동,마포구,1144011800,37.5437530625517,126.919627791269
대흥동,마포구,1144010800,37.5498936438386,126.943403941965
도화동,마포구,1144010400,37.5415244863241,126.949878054097
동교동,마포구,1144012100,37.5572085308328,126.922261659865
마포동,마포구,1144010700,37.5371140701999,126.943825451904
망원동,마포구,1144012300,37.5567856576913,126.901347294861
상수동,마포구,1144011500,37.5456269289382,126.924776753718
상암동,마포구,1144012700,37.5783209050877,126.894689433213
서교동,마포구,1144012000,37.5550949138083,126.914613374473
성산동,마포구,1144012500,37.5628827605386,126.909284812172
신공덕동,마포구,1144010300,37.543714388763,126.95556152591
신수동,마포구,1144011100,37.5470206619261,126.935226865858
신정동,마포구,1144011700,37.543161599964,126.930332866478
아현동,마포구,1144010100,37.5544867895966,126.955727151387
연남동,마포구,1144012400,37.5644776141885,126.922023205508
염리동,마포구,1144010900,37.5470619620453,126.94565571696
용강동,마포구,1144010500,37.54231770904,126.942708117541
중동,마포구,1144012600,37.5716627632571,126.9055839139
창전동,마포구,1144011400,37.549273643204,126.92977041133
토정동,마포구,1144010600,37.5388960581724,126.939782456982
하중동,마포구,1144011600,37.5435745257489,126.927779696718
합정동,마포구,1144012200,37.5516618139957,126.911756414276
현석동,마포구,1144011200,37.5421619566645,126.934289634391
남가좌동,서대문구,1141012000,37.5755473825402,126.919548350676
냉천동,서대문구,1141010500,37.5667821636119,126.961963463309
대신동,서대문구,1141011300,37.5640649698094,126.944330406191
대현동,서대문구,1141011200,37.560768646354,126.947212193537
미근동,서대문구,1141010400,37.5632950923107,126.967253249905
봉원동,서대문구,1141011500,37.5725932042939,126.946963866133
북가좌동,서대문구,1141011900,37.5780815956198,126.91039845202
북아현동,서대문구,1141011000,37.559565244981,126.956901214305
신촌동,서대문구,1141011400,37.5651616940517,126.93927687604
연희동,서대문구,1141011700,37.5739100104158,126.935230751932
영천동,서대문구,1141010800,37.5703879302211,126.956682170377
옥천동,서대문구,1141010700,37.569559807873,126.95890126611
창천동,서대문구,1141011600,37.5586862112855,126.934193637741
천연동,서대문구,1141010600,37.5675017663094,126.958422464555
충정로2가,서대문구,1141010100,37.5648511031139,126.964119536636
충정로3가,서대문구,1141010200,37.5620789699489,126.961983963838
합동,서대문구,1141010300,37.5615287939469,126.966031651429
현저동,서대문구,1141010900,37.5737854968816,126.95407204926
홍은동,서대문구,1141011800,37.5908908122788,126.933218715152
홍제동,서대문구,1141011100,37.585845800944,126.948725215733
내곡동,서초구,1165010900,37.4582463131037,127.076916934729
반포동,서초구,1165010700,37.50514467674,127.013359062646
방배동,서초구,1165010100,37.4834130146568,126.994486969319
서초동,서초구,1165010800,37.4900861966502,127.01953478052
신원동,서초구,1165011100,37.4440189779745,127.062170998757
양재동,서초구,1165010200,37.4720040276212,127.037463917199
염곡동,서초구,1165011000,37.462299187089,127.053907608672
우면동,서초구,1165010300,37.4646530229734,127.01605116304
원지동,서초구,1165010400,37.443311718479,127.048637026567
잠원동,서초구,1165010600,37.514918688022,127.014102820234
금호동1가,성동구,1120010900,37.5548857249068,127.02279294328
금호동2가,성동구,1120011000,37.5529940659194,127.020406751011
금호동3가,성동구,1120011100,37.5499307132639,127.020166005976
금호동4가,성동구,1120011200,37.5447325755772,127.026161935006
도선동,성동구,1120010400,37.5637958263853,127.033530216268
마장동,성동구,1120010500,37.566379547987,127.045325760782
사근동,성동구,1120010600,37.5614997515694,127.045327331714
상왕십리동,성동구,1120010100,37.5684327095862,127.024784739728
성수동1가,성동구,1120011400,37.5417253860375,127.043351028535
성수동2가,성동구,1120011500,37.5409627375214,127.057019282187
송정동,성동구,1120011800,37.5545322586259,127.069569072089
옥수동,성동구,1120011300,37.5435886378543,127.013438338877
용답동,성동구,1120012200,37.5640758244216,127.055579052769
응봉동,성동구,1120010800,37.553160488276,127.033416807797
하왕십리동,성동구,1120010200,37.5619122139369,127.028703243306
행당동,성동구,1120010700,37.558305907888,127.037031736958
홍익동,성동구,1120010300,37.5663550219259,127.032213833438
길음동,성북구,1129013400,37.6076658267473,127.023343590916
돈암동,성북구,1129010300,37.5962791991147,127.00991034218
동선동1가,성북구,1129011600,37.5923102427411,127.018211777612
동선동2가,성북구,1129011700,37.5901655850023,127.020040985677
동선동3가,성북구,1129011800,37.5944938544002,127.020599250097
동선동4가,성북구,1129011900,37.5952221822841,127.018633716126
동선동5가,성북구,1129012000,37.5959288284835,127.016844785039
동소문동1가,성북구,1129010400,37.5900265113416,127.007210212424
동소문동2가,성북구,1129010500,37.5887073911222,127.008238156364
동소문동3가,성북구,1129010600,37.5898604829037,127.010489205319
동소문동4가,성북구,1129010700,37.591759761125,127.01063893326
동소문동5가,성북구,1129010800,37.5916367047085,127.01537185184
동소문동6가,성북구,1129010900,37.5933415527603,127.01399531696
동소문동7가,성북구,1129011000,37.5963292176216,127.014190641129
보문동1가,성북구,1129013000,37.5864896015958,127.019645993321
보문동2가,성북구,1129013100,37.5857474136521,127.018210178625
보문동3가,성북구,1129013200,37.58388803571,127.016352976758
보문동4가,성북구,1129012600,37.5828961453853,127.021347801017
보문동5가,성북구,1129012700,37.5823846059336,127.020066071097
보문동6가,성북구,1129012800,37.5803846015945,127.018842854522
보문동7가,성북구,1129012900,37.5798181272129,127.022551479065
삼선동1가,성북구,1129011100,37.5846817438784,127.008396217359
삼선동2가,성북구,1129011200,37.5833696420008,127.011439305713
삼선동3가,성북구,1129011300,37.586508530236,127.013092803419
삼선동4가,성북구,1129011400,37.5903502910639,127.013723013975
삼선동5가,성북구,1129011500,37.5885336236904,127.015851281018
상월곡동,성북구,1129013700,37.6069133345458,127.045527017386
석관동,성북구,1129013900,37.6129860183721,127.0614007785
성북동,성북구,1129010100,37.5910466093958,127.003274531869
성북동1가,성북구,1129010200,37.5895149125503,127.003614139532
안암동1가,성북구,1129012100,37.5883885968465,127.021358427439
안암동2가,성북구,1129012200,37.586528798482,127.02216855408
안암동3가,성북구,1129012300,37.583533676855,127.023313410414
안암동4가,성북구,1129012400,37.58070068194,127.024648423554
안암동5가,성북구,1129012500,37.5883977734308,127.029021378105
장위동,성북구,1129013800,37.6170568426302,127.04956549458
정릉동,성북구,1129013300,37.618580825547,126.995482832879
종암동,성북구,1129013500,37.5990169781205,127.035217428043
하월곡동,성북구,1129013600,37.6075035036308,127.037812638789
가락동,송파구,1171010700,37.4965421665627,127.105729381413
거여동,송파구,1171011300,37.4969242257404,127.143310298223
마천동,송파구,1171011400,37.4960258496317,127.149903613068
문정동,송파구,1171010800,37.4847415034152,127.118267660547
방이동,송파구,1171011100,37.5110126423949,127.123923689605
삼전동,송파구,1171010600,37.5027233386057,127.092519707191
석촌동,송파구,1171010500,37.5035646306702,127.103667384036
송파동,송파구,1171010400,37.50609292063,127.109579159297
신천동,송파구,1171010200,37.5182926381796,127.101366591012
오금동,송파구,1171011200,37.5029748269764,127.128103930329
잠실동,송파구,1171010100,37.5119564733931,127.088282780728
장지동,송파구,1171010900,37.4785083981102,127.136582139995
풍납동,송파구,1171010300,37.5380588825241,127.122225970875
목동,양천구,1147010200,37.5304364108359,126.870989288343
신월동,양천구,1147010300,37.532815818936,126.831535864977
신정동,양천구,1147010100,37.5185526780279,126.854354325392
당산동,영등포구,1156011700,37.5402584246452,126.902165652703
당산동1가,영등포구,1156011100,37.5216623144431,126.898547402403
당산동2가,영등포구,1156011200,37.5224653819518,126.893736304951
당산동3가,영등포구,1156011300,37.525848582812,126.89671357564
당산동4가,영등포구,1156011400,37.5290653986879,126.899075891843
당산동5가,영등포구,1156011500,37.5320981652413,126.901203325782
당산동6가,영등포구,1156011600,37.5337949488345,126.904735599528
대림동,영등포구,1156013300,37.4925087229046,126.902006335554
도림동,영등포구,1156011800,37.5094388403258,126.895944463887
문래동1가,영등포구,1156011900,37.5122797138517,126.896981114579
문래동2가,영등포구,1156012000,37.5127447489723,126.893057862261
문래동3가,영등포구,1156012100,37.5165971793933,126.896816819326
문래동4가,영등포구,1156012200,37.5144572928255,126.889829482109
문래동5가,영등포구,1156012300,37.5162865616222,126.8844154127
문래동6가,영등포구,1156012400,37.5194820467019,126.886822180022
신길동,영등포구,1156013200,37.5041663202167,126.91406973946
양평동,영등포구,1156013400,37.5282170949851,126.885713864668
양평동1가,영등포구,1156012500,37.5234622076971,126.888223442468
양평동2가,영등포구,1156012600,37.523485321528,126.882336382875
양평동3가,영등포구,1156012700,37.5293681802834,126.891015825174
양평동4가,영등포구,1156012800,37.5369309404219,126.896766179375
양평동5가,영등포구,1156012900,37.5393563567171,126.892639686611
양평동6가,영등포구,1156013000,37.5423276935981,126.890503614635
양화동,영등포구,1156013100,37.5496245970542,126.88545485776
여의도동,영등포구,1156011000,37.526784915083,126.930167091136
영등포동,영등포구,1156010100,37.5134118222973,126.906168599588
영등포동1가,영등포구,1156010200,37.5178393128912,126.913185328453
영등포동2가,영등포구,1156010300,37.5207969614042,126.91150771146
영등포동3가,영등포구,1156010400,37.5182713776916,126.90787737105
영등포동4가,영등포구,1156010500,37.5178895038414,126.903552262737
영등포동5가,영등포구,1156010600,37.5210743651057,126.906688412883
영등포동6가,영등포구,1156010700,37.5215905083395,126.90316740849
영등포동7가,영등포구,1156010800,37.5240155727982,126.907114627945
영등포동8가,영등포구,1156010900,37.5283028633869,126.905253942411
갈월동,용산구,1117010400,37.5467756584412,126.972162579372
남영동,용산구,1117010500,37.5430061454345,126.973322683547
도원동,용산구,1117012000,37.5381208172628,126.955125834612
동빙고동,용산구,1117013200,37.5244123976895,126.995112936884
동자동,용산구,1117010700,37.5520519606976,126.972396006945
문배동,용산구,1117012200,37.5371018437132,126.969405422634
보광동,용산구,1117013600,37.5262721673188,127.000171956489
산천동,용산구,1117011500,37.5354165057958,126.951801048783
서계동,용산구,1117010800,37.552965989869,126.966999743181
서빙고동,용산구,1117013300,37.5204623812775,126.994638088433
신계동,용산구,1117012300,37.5358253064499,126.966740278708
신창동,용산구,1117011400,37.5357673358179,126.954946215115
용문동,용산구,1117012100,37.5377008640148,126.959891817892
용산동1가,용산구,1117010600,37.5399939693422,126.976967186602
용산동2가,용산구,1117010200,37.5419195197563,126.982945593811
용산동3가,용산구,1117012600,37.5318669434272,126.976965160519
용산동4가,용산구,1117010300,37.5306248837304,126.985224458926
용산동5가,용산구,1117012700,37.526143245049,126.974364951898
용산동6가,용산구,1117013500,37.5235531064679,126.980329796658
원효로1가,용산구,1117011200,37.5396132026478,126.967064466585
원효로2가,용산구,1117011300,37.5362892108964,126.963323111963
원효로3가,용산구,1117011700,37.5343051059798,126.95763533429
원효로4가,용산구,1117011800,37.532251690375,126.950590243026
이촌동,용산구,1117012900,37.5141954312249,126.972097769518
이태원동,용산구,1117013000,37.5402662116134,126.991527297365
주성동,용산구,1117013400,37.5215725360091,126.999221719448
청암동,용산구,1117011600,37.5344808673194,126.946678596744
청파동1가,용산구,1117010900,37.548767465152,126.967458773793
청파동2가,용산구,1117011000,37.5465142049802,126.964798233694
청파동3가,용산구,1117011100,37.543246007914,126.966972344614
한강로1가,용산구,1117012400,37.5339780623762,126.973054361529
한강로2가,용산구,1117012500,37.5315623013376,126.968683607087
한강로3가,용산구,1117012800,37.5276608637792,126.962182447512
한남동,용산구,1117013100,37.5346298557798,127.000552132438
효창동,용산구,1117011900,37.5424588083349,126.9618988792
후암동,용산구,1117010100,37.5486798277286,126.978150463736
갈현동,은평구,1138010400,37.6198652831792,126.914367182376
구산동,은평구,1138010500,37.6117570303251,126.910376186527
녹번동,은평구,1138010200,37.602216160965,126.929919982801
대조동,은평구,1138010600,37.6141899645264,126.920825111083
불광동,은평구,1138010300,37.617652326817,126.937059476367
수색동,은평구,1138010100,37.5835205431622,126.893690338772
신사동,은평구,1138010900,37.5949214743514,126.908475948726
역촌동,은평구,1138010800,37.6043976551679,126.915123289569
응암동,은평구,1138010700,37.5963272964126,126.924109745075
증산동,은평구,1138011000,37.5843354894975,126.907030675078
진관동,은평구,1138011400,37.6349668825061,126.92106591289
가회동,종로구,1111014600,37.5800968068427,126.984784487479
견지동,종로구,1111012900,37.5731913510517,126.9830607214
경운동,종로구,1111013400,37.5751883855303,126.98638391579
계동,종로구,1111014800,37.5824324365826,126.986903381874
공평동,종로구,1111012700,37.5712668379623,126.983147187221
관수동,종로구,1111015500,37.5690620186845,126.99046001346
관철동,종로구,1111013500,37.5691048202295,126.985986580352
관훈동,종로구,1111012800,37.5741286083151,126.984690612471
교남동,종로구,1111017600,37.5683831622412,126.964634002163
교북동,종로구,1111018000,37.5717842659119,126.96127267528
구기동,종로구,1111018200,37.6193739703883,126.959299756836
궁정동,종로구,1111010300,37.5846825915783,126.973144784748
권농동,종로구,1111013100,37.5743239285345,126.991763428362
낙원동,종로구,1111013700,37.5725577161914,126.988607627918
내수동,종로구,1111011800,37.5733081682462,126.971962529742
내자동,종로구,1111011400,37.5753047140657,126.971717261861
누상동,종로구,1111010900,37.580026884522,126.962264659143
누하동,종로구,1111011000,37.5792826296463,126.968274190814
당주동,종로구,1111011700,37.5715715163219,126.974000740278
도렴동,종로구,1111011600,37.5731610122673,126.974647692606
돈의동,종로구,1111015300,37.5719704528879,126.990726790606
동숭동,종로구,1111016800,37.5813770980376,127.004872670199
명륜1가,종로구,1111017000,37.5891076921368,126.997468304522
명륜2가,종로구,1111017100,37.5846964544009,126.999030857136
명륜3가,종로구,1111017300,37.589565220326,126.993075159072
명륜4가,종로구,1111017200,37.5822313405278,127.00007245689
묘동,종로구,1111015100,37.5724066101338,126.991745527678
무악동,종로구,1111018700,37.5759854736853,126.958245677349
봉익동,종로구,1111015200,37.5721652242239,126.992995267432
부암동,종로구,1111018400,37.5924142953536,126.964061015983
사간동,종로구,1111014400,37.5772526194939,126.980379075036
사직동,종로구,1111011500,37.5754222287938,126.96631967084
삼청동,종로구,1111014000,37.5849977825639,126.981758302922
서린동,종로구,1111012300,37.5695112747646,126.980399217074
세종로,종로구,1111011900,37.5801928107014,126.976778199977
소격동,종로구,1111014200,37.579624122776,126.980908275257
송월동,종로구,1111017800,37.5700627844637,126.9651946575
송현동,종로구,1111014500,37.5767591093553,126.981846349157
수송동,종로구,1111012400,37.573677511354,126.980610942957
숭인동,종로구,1111017500,37.5745280159936,127.019597569646
신교동,종로구,1111010200,37.5844902776102,126.967923271581
신문로1가,종로구,1111012000,37.5701731498044,126.973901614206
신문로2가,종로구,1111012100,37.5706622933597,126.969722233416
신영동,종로구,1111018600,37.6025046922757,126.961818449159
안국동,종로구,1111014100,37.5773864591261,126.983607690836
연건동,종로구,1111016600,37.5786742164881,126.999669431165
연지동,종로구,1111016000,37.5737475791241,127.000131313214
예지동,종로구,1111015800,37.5696210091491,126.998302077982
옥인동,종로구,1111011100,37.5835230926994,126.963385995622
와룡동,종로구,1111013000,37.5823427368208,126.991214588966
운니동,종로구,1111013200,37.5763742920416,126.98822214942
원남동,종로구,1111015900,37.5755207102281,126.997495933473
원서동,종로구,1111014900,37.5839318329339,126.988266245452
이화동,종로구,1111016500,37.5769946840177,127.004338052474
익선동,종로구,1111013300,37.5743345779563,126.989694095817
인사동,종로구,1111013600,37.5717032982691,126.986049484352
인의동,종로구,1111015700,37.572331192099,126.997668102599
장사동,종로구,1111015400,37.5692172240879,126.994023346762
재동,종로구,1111014700,37.5783020854648,126.985246741088
적선동,종로구,1111010700,37.5752799608427,126.973773044297
종로1가,종로구,1111012600,37.570257257333,126.980149990907
종로2가,종로구,1111013800,37.5708890381379,126.988250180457
종로3가,종로구,1111015600,37.5703884202891,126.992329841579
종로4가,종로구,1111016100,37.570745463372,126.999764551274
종로5가,종로구,1111016300,37.5706048556461,127.003527196401
종로6가,종로구,1111016400,37.5718912859016,127.007584281884
중학동,종로구,1111012500,37.5752847227304,126.979641505392
창성동,종로구,1111010500,37.5805450723988,126.972462474485
창신동,종로구,1111017400,37.5752245135612,127.012828195947
청운동,종로구,1111010100,37.5891974378627,126.969329763593
청진동,종로구,1111012200,37.5714393638424,126.98015420508
체부동,종로구,1111011200,37.5775894297458,126.970869610418
충신동,종로구,1111016700,37.5749475538098,127.00595899872
통의동,종로구,1111010600,37.5780584194584,126.972852824323
통인동,종로구,1111010800,37.5801444847071,126.97021199276
팔판동,종로구,1111013900,37.582809998749,126.980676503591
평동,종로구,1111017700,37.5678972658595,126.966843743393
평창동,종로구,1111018300,37.6063916960375,126.968357810931
필운동,종로구,1111011300,37.5778012532176,126.967749538039
행촌동,종로구,1111018100,37.5733270930884,126.962272567935
혜화동,종로구,1111016900,37.5868624440017,127.00060686405
홍지동,종로구,1111018500,37.6007910021227,126.956587544473
홍파동,종로구,1111017900,37.5711327985696,126.963967103183
화동,종로구,1111014300,37.5806911752014,126.982696745397
효자동,종로구,1111010400,37.5826496685116,126.971931855344
효제동,종로구,1111016200,37.5725942661176,127.003056381131
훈정동,종로구,1111015000,37.5743637157985,126.994172362099
광희동1가,중구,1114014500,37.5652239855071,127.006451724415
광희동2가,중구,1114014600,37.5639300318234,127.008407470182
남대문로1가,중구,1114010600,37.5678610341135,126.982862710392
남대문로2가,중구,1114011500,37.5636983086303,126.982030616216
남대문로3가,중구,1114011600,37.562011370384,126.980319690105
남대문로4가,중구,1114011700,37.5601075547156,126.975457960662
남대문로5가,중구,1114011800,37.5575773074592,126.97429533532
남산동1가,중구,1114012800,37.5593342411287,126.984580460713
남산동2가,중구,1114012900,37.5584190512111,126.986396022059
남산동3가,중구,1114013000,37.5607185451524,126.987762834453
남창동,중구,1114011200,37.5576969045757,126.977559311953
남학동,중구,1114014000,37.5605530385659,126.990814223458
다동,중구,1114010200,37.5678932127316,126.981173875618
만리동1가,중구,1114017300,37.5561628100869,126.967288060049
만리동2가,중구,1114017400,37.5545760844189,126.963956968884
명동1가,중구,1114012600,37.5642861263305,126.984638297227
명동2가,중구,1114012700,37.5628878550787,126.98522714432
무교동,중구,1114010100,37.5681523321123,126.978995985222
무학동,중구,1114016400,37.564358217778,127.015271168107
묵정동,중구,1114013600,37.5614543921106,127.000371238419
방산동,중구,1114015300,37.5687055728612,127.002956612022
봉래동1가,중구,1114011900,37.5595051345954,126.972922937607
봉래동2가,중구,1114012000,37.5565385873088,126.970968346946
북창동,중구,1114011300,37.5622200000297,126.978042381175
산림동,중구,1114015700,37.5677288451171,126.995508543908
삼각동,중구,1114010700,37.568081067024,126.984225497316
서소문동,중구,1114016600,37.5631129454111,126.97389954989
소공동,중구,1114011100,37.5638997702146,126.97979400965
수표동,중구,1114011000,37.5674509569573,126.989500354867
수하동,중구,1114010800,37.5672666194381,126.984624102223
순화동,중구,1114016800,37.5625571795009,126.970694369794
신당동,중구,1114016200,37.5620157313143,127.014442188261
쌍림동,중구,1114014700,37.5635266097207,127.004210503561
예관동,중구,1114013500,37.5642150321271,126.998189014062
예장동,중구,1114014200,37.5552118678546,126.990086044965
오장동,중구,1114015400,37.56491061309,127.000692708562
을지로1가,중구,1114010400,37.5660118254223,126.980508795796
을지로2가,중구,1114010500,37.5658609834047,126.984004114817
을지로3가,중구,1114015500,37.5664564985184,126.992696980394
을지로4가,중구,1114015000,37.5664927576671,126.998754909258
을지로5가,중구,1114015100,37.5666080666785,127.002431326396
을지로6가,중구,1114014800,37.5677719920143,127.00663305138
을지로7가,중구,1114014900,37.5661499837088,127.009743356347
의주로1가,중구,1114016900,37.564787363998,126.968063019077
의주로2가,중구,1114017200,37.5610540320638,126.969567667479
인현동1가,중구,1114016000,37.5637139255336,126.993729503193
인현동2가,중구,1114013400,37.5642041704527,126.996124490655
입정동,중구,1114015600,37.5678115982331,126.992728541874
장교동,중구,1114010900,37.567245266154,126.986865292475
장충동1가,중구,1114014300,37.5606540803158,127.007325089464
장충동2가,중구,1114014400,37.5550176670286,127.000602078813
저동1가,중구,1114013100,37.5644126337615,126.987789395082
저동2가,중구,1114016100,37.5642218113843,126.989776983466
정동,중구,1114016700,37.5665870147751,126.973133171996
주교동,중구,1114015200,37.5682515063243,126.999357065301
주자동,중구,1114014100,37.5606394146991,126.989388129589
중림동,중구,1114017100,37.559168225382,126.966182119336
초동,중구,1114015900,37.564405798317,126.992181048279
충무로1가,중구,1114012400,37.5614350253014,126.982162451405
충무로2가,중구,1114012500,37.5620485933124,126.989609769072
충무로3가,중구,1114015800,37.5626722201462,126.991307446764
충무로4가,중구,1114013200,37.5622651534103,126.994327234401
충무로5가,중구,1114013300,37.5631302462414,126.99982795883
충정로1가,중구,1114017000,37.5665101244008,126.968270553351
태평로1가,중구,1114010300,37.5677087157563,126.977234843742
태평로2가,중구,1114011400,37.5629837198073,126.976357967863
필동1가,중구,1114013700,37.5610757328508,126.992453032787
필동2가,중구,1114013800,37.5593207097697,126.994626250771
필동3가,중구,1114013900,37.5584990846545,126.997003047238
황학동,중구,1114016500,37.5674999372117,127.021415848975
회현동1가,중구,1114012100,37.555589207029,126.981204133005
회현동2가,중구,1114012200,37.5587537703495,126.982919122029
회현동3가,중구,1114012300,37.5601522772216,126.984059661953
흥인동,중구,1114016300,37.5672917152732,127.016358403205
망우동,중랑구,1126010500,37.5955130359783,127.103962394815
면목동,중랑구,1126010100,37.5803715762429,127.087661590766
묵동,중랑구,1126010400,37.6123807746797,127.079182031593
상봉동,중랑구,1126010200,37.5967688195518,127.088754299651
신내동,중랑구,1126010600,37.6058747809885,127.09936528756
중화동,중랑구,1126010300,37.599461816745,127.077320262185
